<?xml version="1.0" encoding="UTF-8"?>
<root>
  <item name="android.media.AudioAttributes.Builder android.media.AudioAttributes.Builder setContentType(int) 0">
    <annotation name="androidx.annotation.IntDef">
      <val name="value" val="{android.media.AudioAttributes.CONTENT_TYPE_UNKNOWN, android.media.AudioAttributes.CONTENT_TYPE_SPEECH, android.media.AudioAttributes.CONTENT_TYPE_MUSIC, android.media.AudioAttributes.CONTENT_TYPE_MOVIE, android.media.AudioAttributes.CONTENT_TYPE_SONIFICATION}" />
    </annotation>
  </item>
  <item name="android.media.AudioAttributes.Builder android.media.AudioAttributes.Builder setUsage(int) 0">
    <annotation name="androidx.annotation.IntDef">
      <val name="value" val="{android.media.AudioAttributes.USAGE_UNKNOWN, android.media.AudioAttributes.USAGE_MEDIA, android.media.AudioAttributes.USAGE_VOICE_COMMUNICATION, android.media.AudioAttributes.USAGE_VOICE_COMMUNICATION_SIGNALLING, android.media.AudioAttributes.USAGE_ALARM, android.media.AudioAttributes.USAGE_NOTIFICATION, android.media.AudioAttributes.USAGE_NOTIFICATION_RINGTONE, android.media.AudioAttributes.USAGE_NOTIFICATION_COMMUNICATION_REQUEST, android.media.AudioAttributes.USAGE_NOTIFICATION_COMMUNICATION_INSTANT, android.media.AudioAttributes.USAGE_NOTIFICATION_COMMUNICATION_DELAYED, android.media.AudioAttributes.USAGE_NOTIFICATION_EVENT, android.media.AudioAttributes.USAGE_ASSISTANCE_ACCESSIBILITY, android.media.AudioAttributes.USAGE_ASSISTANCE_NAVIGATION_GUIDANCE, android.media.AudioAttributes.USAGE_ASSISTANCE_SONIFICATION, android.media.AudioAttributes.USAGE_GAME, android.media.AudioAttributes.USAGE_ASSISTANT}" />
    </annotation>
  </item>
  <item name="android.media.AudioFormat.Builder android.media.AudioFormat.Builder setEncoding(int) 0">
    <annotation name="androidx.annotation.IntDef">
      <val name="flag" val="false" />
      <val name="value" val="{android.media.AudioFormat.ENCODING_DEFAULT, android.media.AudioFormat.ENCODING_PCM_8BIT, android.media.AudioFormat.ENCODING_PCM_16BIT, android.media.AudioFormat.ENCODING_PCM_FLOAT, android.media.AudioFormat.ENCODING_AC3, android.media.AudioFormat.ENCODING_E_AC3, android.media.AudioFormat.ENCODING_E_AC3_JOC, android.media.AudioFormat.ENCODING_DTS, android.media.AudioFormat.ENCODING_DTS_HD, android.media.AudioFormat.ENCODING_IEC61937, android.media.AudioFormat.ENCODING_AAC_HE_V1, android.media.AudioFormat.ENCODING_AAC_HE_V2, android.media.AudioFormat.ENCODING_AAC_LC, android.media.AudioFormat.ENCODING_AAC_ELD, android.media.AudioFormat.ENCODING_AAC_XHE, android.media.AudioFormat.ENCODING_AC4}" />
    </annotation>
  </item>
  <item name="android.media.AudioManager float getStreamVolumeDb(int, int, int) 0">
    <annotation name="androidx.annotation.IntDef">
      <val name="flag" val="false" />
      <val name="value" val="{android.media.AudioManager.STREAM_VOICE_CALL, android.media.AudioManager.STREAM_SYSTEM, android.media.AudioManager.STREAM_RING, android.media.AudioManager.STREAM_MUSIC, android.media.AudioManager.STREAM_ALARM, android.media.AudioManager.STREAM_NOTIFICATION, android.media.AudioManager.STREAM_DTMF, android.media.AudioManager.STREAM_ACCESSIBILITY}" />
    </annotation>
  </item>
  <item name="android.media.AudioManager float getStreamVolumeDb(int, int, int) 2">
    <annotation name="androidx.annotation.IntDef">
      <val name="flag" val="false" />
      <val name="value" val="{android.media.AudioDeviceInfo.TYPE_BUILTIN_EARPIECE, android.media.AudioDeviceInfo.TYPE_BUILTIN_SPEAKER, android.media.AudioDeviceInfo.TYPE_WIRED_HEADSET, android.media.AudioDeviceInfo.TYPE_WIRED_HEADPHONES, android.media.AudioDeviceInfo.TYPE_BLUETOOTH_SCO, android.media.AudioDeviceInfo.TYPE_BLUETOOTH_A2DP, android.media.AudioDeviceInfo.TYPE_HDMI, android.media.AudioDeviceInfo.TYPE_DOCK, android.media.AudioDeviceInfo.TYPE_USB_ACCESSORY, android.media.AudioDeviceInfo.TYPE_USB_DEVICE, android.media.AudioDeviceInfo.TYPE_USB_HEADSET, android.media.AudioDeviceInfo.TYPE_TELEPHONY, android.media.AudioDeviceInfo.TYPE_LINE_ANALOG, android.media.AudioDeviceInfo.TYPE_HDMI_ARC, android.media.AudioDeviceInfo.TYPE_LINE_DIGITAL, android.media.AudioDeviceInfo.TYPE_FM, android.media.AudioDeviceInfo.TYPE_AUX_LINE, android.media.AudioDeviceInfo.TYPE_IP, android.media.AudioDeviceInfo.TYPE_BUS, android.media.AudioDeviceInfo.TYPE_HEARING_AID}" />
    </annotation>
  </item>
  <item name="android.media.AudioPresentation int getMasteringIndication()">
    <annotation name="androidx.annotation.IntDef">
      <val name="value" val="{android.media.AudioPresentation.MASTERING_NOT_INDICATED, android.media.AudioPresentation.MASTERED_FOR_STEREO, android.media.AudioPresentation.MASTERED_FOR_SURROUND, android.media.AudioPresentation.MASTERED_FOR_3D, android.media.AudioPresentation.MASTERED_FOR_HEADPHONE}" />
    </annotation>
  </item>
  <item name="android.media.AudioRecord int getTimestamp(android.media.AudioTimestamp, int) 1">
    <annotation name="androidx.annotation.IntDef">
      <val name="value" val="{android.media.AudioTimestamp.TIMEBASE_MONOTONIC, android.media.AudioTimestamp.TIMEBASE_BOOTTIME}" />
    </annotation>
  </item>
  <item name="android.media.AudioRecord int read(byte[], int, int, int) 3">
    <annotation name="androidx.annotation.IntDef">
      <val name="value" val="{android.media.AudioRecord.READ_BLOCKING, android.media.AudioRecord.READ_NON_BLOCKING}" />
    </annotation>
  </item>
  <item name="android.media.AudioRecord int read(float[], int, int, int) 3">
    <annotation name="androidx.annotation.IntDef">
      <val name="value" val="{android.media.AudioRecord.READ_BLOCKING, android.media.AudioRecord.READ_NON_BLOCKING}" />
    </annotation>
  </item>
  <item name="android.media.AudioRecord int read(java.nio.ByteBuffer, int, int) 2">
    <annotation name="androidx.annotation.IntDef">
      <val name="value" val="{android.media.AudioRecord.READ_BLOCKING, android.media.AudioRecord.READ_NON_BLOCKING}" />
    </annotation>
  </item>
  <item name="android.media.AudioRecord int read(short[], int, int, int) 3">
    <annotation name="androidx.annotation.IntDef">
      <val name="value" val="{android.media.AudioRecord.READ_BLOCKING, android.media.AudioRecord.READ_NON_BLOCKING}" />
    </annotation>
  </item>
  <item name="android.media.AudioRecordingConfiguration int getClientAudioSource()">
    <annotation name="androidx.annotation.IntDef">
      <val name="value" val="{android.media.MediaRecorder.AudioSource.DEFAULT, android.media.MediaRecorder.AudioSource.MIC, android.media.MediaRecorder.AudioSource.VOICE_UPLINK, android.media.MediaRecorder.AudioSource.VOICE_DOWNLINK, android.media.MediaRecorder.AudioSource.VOICE_CALL, android.media.MediaRecorder.AudioSource.CAMCORDER, android.media.MediaRecorder.AudioSource.VOICE_RECOGNITION, android.media.MediaRecorder.AudioSource.VOICE_COMMUNICATION, android.media.MediaRecorder.AudioSource.UNPROCESSED}" />
    </annotation>
  </item>
  <item name="android.media.AudioTrack int getPerformanceMode()">
    <annotation name="androidx.annotation.IntDef">
      <val name="value" val="{android.media.AudioTrack.PERFORMANCE_MODE_NONE, android.media.AudioTrack.PERFORMANCE_MODE_LOW_LATENCY, android.media.AudioTrack.PERFORMANCE_MODE_POWER_SAVING}" />
    </annotation>
  </item>
  <item name="android.media.AudioTrack int write(byte[], int, int, int) 3">
    <annotation name="androidx.annotation.IntDef">
      <val name="value" val="{android.media.AudioTrack.WRITE_BLOCKING, android.media.AudioTrack.WRITE_NON_BLOCKING}" />
    </annotation>
  </item>
  <item name="android.media.AudioTrack int write(float[], int, int, int) 3">
    <annotation name="androidx.annotation.IntDef">
      <val name="value" val="{android.media.AudioTrack.WRITE_BLOCKING, android.media.AudioTrack.WRITE_NON_BLOCKING}" />
    </annotation>
  </item>
  <item name="android.media.AudioTrack int write(java.nio.ByteBuffer, int, int) 2">
    <annotation name="androidx.annotation.IntDef">
      <val name="value" val="{android.media.AudioTrack.WRITE_BLOCKING, android.media.AudioTrack.WRITE_NON_BLOCKING}" />
    </annotation>
  </item>
  <item name="android.media.AudioTrack int write(java.nio.ByteBuffer, int, int, long) 2">
    <annotation name="androidx.annotation.IntDef">
      <val name="value" val="{android.media.AudioTrack.WRITE_BLOCKING, android.media.AudioTrack.WRITE_NON_BLOCKING}" />
    </annotation>
  </item>
  <item name="android.media.AudioTrack int write(short[], int, int, int) 3">
    <annotation name="androidx.annotation.IntDef">
      <val name="value" val="{android.media.AudioTrack.WRITE_BLOCKING, android.media.AudioTrack.WRITE_NON_BLOCKING}" />
    </annotation>
  </item>
  <item name="android.media.AudioTrack.Builder android.media.AudioTrack.Builder setPerformanceMode(int) 0">
    <annotation name="androidx.annotation.IntDef">
      <val name="value" val="{android.media.AudioTrack.PERFORMANCE_MODE_NONE, android.media.AudioTrack.PERFORMANCE_MODE_LOW_LATENCY, android.media.AudioTrack.PERFORMANCE_MODE_POWER_SAVING}" />
    </annotation>
  </item>
  <item name="android.media.AudioTrack.Builder android.media.AudioTrack.Builder setTransferMode(int) 0">
    <annotation name="androidx.annotation.IntDef">
      <val name="value" val="{android.media.AudioTrack.MODE_STATIC, android.media.AudioTrack.MODE_STREAM}" />
    </annotation>
  </item>
  <item name="android.media.MediaCodec int dequeueOutputBuffer(android.media.MediaCodec.BufferInfo, long)">
    <annotation name="androidx.annotation.IntDef">
      <val name="value" val="{android.media.MediaCodec.INFO_TRY_AGAIN_LATER, android.media.MediaCodec.INFO_OUTPUT_FORMAT_CHANGED, android.media.MediaCodec.INFO_OUTPUT_BUFFERS_CHANGED}" />
    </annotation>
  </item>
  <item name="android.media.MediaCodec void configure(android.media.MediaFormat, android.view.Surface, android.media.MediaCrypto, int) 3">
    <annotation name="androidx.annotation.IntDef">
      <val name="flag" val="true" />
      <val name="value" val="{android.media.MediaCodec.CONFIGURE_FLAG_ENCODE}" />
    </annotation>
  </item>
  <item name="android.media.MediaCodec void configure(android.media.MediaFormat, android.view.Surface, int, android.media.MediaDescrambler) 2">
    <annotation name="androidx.annotation.IntDef">
      <val name="flag" val="true" />
      <val name="value" val="{android.media.MediaCodec.CONFIGURE_FLAG_ENCODE}" />
    </annotation>
  </item>
  <item name="android.media.MediaCodec void setVideoScalingMode(int) 0">
    <annotation name="androidx.annotation.IntDef">
      <val name="value" val="{android.media.MediaCodec.VIDEO_SCALING_MODE_SCALE_TO_FIT, android.media.MediaCodec.VIDEO_SCALING_MODE_SCALE_TO_FIT_WITH_CROPPING}" />
    </annotation>
  </item>
  <item name="android.media.MediaCodec.BufferInfo flags">
    <annotation name="androidx.annotation.IntDef">
      <val name="flag" val="true" />
      <val name="value" val="{android.media.MediaCodec.BUFFER_FLAG_SYNC_FRAME, android.media.MediaCodec.BUFFER_FLAG_KEY_FRAME, android.media.MediaCodec.BUFFER_FLAG_CODEC_CONFIG, android.media.MediaCodec.BUFFER_FLAG_END_OF_STREAM, android.media.MediaCodec.BUFFER_FLAG_PARTIAL_FRAME}" />
    </annotation>
  </item>
  <item name="android.media.MediaCodec.BufferInfo void set(int, int, long, int) 3">
    <annotation name="androidx.annotation.IntDef">
      <val name="flag" val="true" />
      <val name="value" val="{android.media.MediaCodec.BUFFER_FLAG_SYNC_FRAME, android.media.MediaCodec.BUFFER_FLAG_KEY_FRAME, android.media.MediaCodec.BUFFER_FLAG_CODEC_CONFIG, android.media.MediaCodec.BUFFER_FLAG_END_OF_STREAM, android.media.MediaCodec.BUFFER_FLAG_PARTIAL_FRAME}" />
    </annotation>
  </item>
  <item name="android.media.MediaCodec.CryptoException int getErrorCode()">
    <annotation name="androidx.annotation.IntDef">
      <val name="value" val="{android.media.MediaCodec.CryptoException.ERROR_NO_KEY, android.media.MediaCodec.CryptoException.ERROR_KEY_EXPIRED, android.media.MediaCodec.CryptoException.ERROR_RESOURCE_BUSY, android.media.MediaCodec.CryptoException.ERROR_INSUFFICIENT_OUTPUT_PROTECTION, android.media.MediaCodec.CryptoException.ERROR_SESSION_NOT_OPENED, android.media.MediaCodec.CryptoException.ERROR_UNSUPPORTED_OPERATION}" />
    </annotation>
  </item>
  <item name="android.media.MediaDrm android.media.MediaDrm.KeyRequest getKeyRequest(byte[], byte[], java.lang.String, int, java.util.HashMap&lt;java.lang.String,java.lang.String&gt;) 3">
    <annotation name="androidx.annotation.IntDef">
      <val name="value" val="{android.media.MediaDrm.KEY_TYPE_STREAMING, android.media.MediaDrm.KEY_TYPE_OFFLINE, android.media.MediaDrm.KEY_TYPE_RELEASE}" />
    </annotation>
  </item>
  <item name="android.media.MediaDrm byte[] getPropertyByteArray(java.lang.String) 0">
    <annotation name="androidx.annotation.StringDef">
      <val name="value" val="{android.media.MediaDrm.PROPERTY_DEVICE_UNIQUE_ID}" />
    </annotation>
  </item>
  <item name="android.media.MediaDrm byte[] openSession(int) 0">
    <annotation name="androidx.annotation.IntDef">
      <val name="value" val="{android.media.MediaDrm.SECURITY_LEVEL_UNKNOWN, android.media.MediaDrm.SECURITY_LEVEL_SW_SECURE_CRYPTO, android.media.MediaDrm.SECURITY_LEVEL_SW_SECURE_DECODE, android.media.MediaDrm.SECURITY_LEVEL_HW_SECURE_CRYPTO, android.media.MediaDrm.SECURITY_LEVEL_HW_SECURE_DECODE, android.media.MediaDrm.SECURITY_LEVEL_HW_SECURE_ALL}" />
    </annotation>
  </item>
  <item name="android.media.MediaDrm int getConnectedHdcpLevel()">
    <annotation name="androidx.annotation.IntDef">
      <val name="value" val="{android.media.MediaDrm.HDCP_LEVEL_UNKNOWN, android.media.MediaDrm.HDCP_NONE, android.media.MediaDrm.HDCP_V1, android.media.MediaDrm.HDCP_V2, android.media.MediaDrm.HDCP_V2_1, android.media.MediaDrm.HDCP_V2_2, android.media.MediaDrm.HDCP_NO_DIGITAL_OUTPUT}" />
    </annotation>
  </item>
  <item name="android.media.MediaDrm int getMaxHdcpLevel()">
    <annotation name="androidx.annotation.IntDef">
      <val name="value" val="{android.media.MediaDrm.HDCP_LEVEL_UNKNOWN, android.media.MediaDrm.HDCP_NONE, android.media.MediaDrm.HDCP_V1, android.media.MediaDrm.HDCP_V2, android.media.MediaDrm.HDCP_V2_1, android.media.MediaDrm.HDCP_V2_2, android.media.MediaDrm.HDCP_NO_DIGITAL_OUTPUT}" />
    </annotation>
  </item>
  <item name="android.media.MediaDrm int getMaxSecurityLevel()">
    <annotation name="androidx.annotation.IntDef">
      <val name="value" val="{android.media.MediaDrm.SECURITY_LEVEL_UNKNOWN, android.media.MediaDrm.SECURITY_LEVEL_SW_SECURE_CRYPTO, android.media.MediaDrm.SECURITY_LEVEL_SW_SECURE_DECODE, android.media.MediaDrm.SECURITY_LEVEL_HW_SECURE_CRYPTO, android.media.MediaDrm.SECURITY_LEVEL_HW_SECURE_DECODE, android.media.MediaDrm.SECURITY_LEVEL_HW_SECURE_ALL}" />
    </annotation>
  </item>
  <item name="android.media.MediaDrm int getSecurityLevel(byte[])">
    <annotation name="androidx.annotation.IntDef">
      <val name="value" val="{android.media.MediaDrm.SECURITY_LEVEL_UNKNOWN, android.media.MediaDrm.SECURITY_LEVEL_SW_SECURE_CRYPTO, android.media.MediaDrm.SECURITY_LEVEL_SW_SECURE_DECODE, android.media.MediaDrm.SECURITY_LEVEL_HW_SECURE_CRYPTO, android.media.MediaDrm.SECURITY_LEVEL_HW_SECURE_DECODE, android.media.MediaDrm.SECURITY_LEVEL_HW_SECURE_ALL}" />
    </annotation>
  </item>
  <item name="android.media.MediaDrm java.lang.String getPropertyString(java.lang.String) 0">
    <annotation name="androidx.annotation.StringDef">
      <val name="value" val="{android.media.MediaDrm.PROPERTY_VENDOR, android.media.MediaDrm.PROPERTY_VERSION, android.media.MediaDrm.PROPERTY_DESCRIPTION, android.media.MediaDrm.PROPERTY_ALGORITHMS}" />
    </annotation>
  </item>
  <item name="android.media.MediaDrm void setPropertyByteArray(java.lang.String, byte[]) 0">
    <annotation name="androidx.annotation.StringDef">
      <val name="value" val="{android.media.MediaDrm.PROPERTY_DEVICE_UNIQUE_ID}" />
    </annotation>
  </item>
  <item name="android.media.MediaDrm void setPropertyString(java.lang.String, java.lang.String) 0">
    <annotation name="androidx.annotation.StringDef">
      <val name="value" val="{android.media.MediaDrm.PROPERTY_VENDOR, android.media.MediaDrm.PROPERTY_VERSION, android.media.MediaDrm.PROPERTY_DESCRIPTION, android.media.MediaDrm.PROPERTY_ALGORITHMS}" />
    </annotation>
  </item>
  <item name="android.media.MediaDrm.KeyRequest int getRequestType()">
    <annotation name="androidx.annotation.IntDef">
      <val name="value" val="{android.media.MediaDrm.KeyRequest.REQUEST_TYPE_INITIAL, android.media.MediaDrm.KeyRequest.REQUEST_TYPE_RENEWAL, android.media.MediaDrm.KeyRequest.REQUEST_TYPE_RELEASE, android.media.MediaDrm.KeyRequest.REQUEST_TYPE_NONE, android.media.MediaDrm.KeyRequest.REQUEST_TYPE_UPDATE}" />
    </annotation>
  </item>
  <item name="android.media.MediaDrm.KeyStatus int getStatusCode()">
    <annotation name="androidx.annotation.IntDef">
      <val name="value" val="{android.media.MediaDrm.KeyStatus.STATUS_USABLE, android.media.MediaDrm.KeyStatus.STATUS_EXPIRED, android.media.MediaDrm.KeyStatus.STATUS_OUTPUT_NOT_ALLOWED, android.media.MediaDrm.KeyStatus.STATUS_PENDING, android.media.MediaDrm.KeyStatus.STATUS_INTERNAL_ERROR}" />
    </annotation>
  </item>
  <item name="android.media.MediaDrm.OnEventListener void onEvent(android.media.MediaDrm, byte[], int, int, byte[]) 2">
    <annotation name="androidx.annotation.IntDef">
      <val name="value" val="{android.media.MediaDrm.EVENT_PROVISION_REQUIRED, android.media.MediaDrm.EVENT_KEY_REQUIRED, android.media.MediaDrm.EVENT_KEY_EXPIRED, android.media.MediaDrm.EVENT_VENDOR_DEFINED, android.media.MediaDrm.EVENT_SESSION_RECLAIMED}" />
    </annotation>
  </item>
  <item name="android.media.MediaExtractor int getSampleFlags()">
    <annotation name="androidx.annotation.IntDef">
      <val name="flag" val="true" />
      <val name="value" val="{android.media.MediaExtractor.SAMPLE_FLAG_SYNC, android.media.MediaExtractor.SAMPLE_FLAG_ENCRYPTED, android.media.MediaExtractor.SAMPLE_FLAG_PARTIAL_FRAME}" />
    </annotation>
  </item>
  <item name="android.media.MediaExtractor void seekTo(long, int) 1">
    <annotation name="androidx.annotation.IntDef">
      <val name="value" val="{android.media.MediaExtractor.SEEK_TO_PREVIOUS_SYNC, android.media.MediaExtractor.SEEK_TO_NEXT_SYNC, android.media.MediaExtractor.SEEK_TO_CLOSEST_SYNC}" />
    </annotation>
  </item>
  <item name="android.media.MediaMetadata android.graphics.Bitmap getBitmap(java.lang.String) 0">
    <annotation name="androidx.annotation.StringDef">
      <val name="value" val="{android.media.MediaMetadata.METADATA_KEY_ART, android.media.MediaMetadata.METADATA_KEY_ALBUM_ART, android.media.MediaMetadata.METADATA_KEY_DISPLAY_ICON}" />
    </annotation>
  </item>
  <item name="android.media.MediaMetadata android.media.Rating getRating(java.lang.String) 0">
    <annotation name="androidx.annotation.StringDef">
      <val name="value" val="{android.media.MediaMetadata.METADATA_KEY_USER_RATING, android.media.MediaMetadata.METADATA_KEY_RATING}" />
    </annotation>
  </item>
  <item name="android.media.MediaMetadata java.lang.CharSequence getText(java.lang.String) 0">
    <annotation name="androidx.annotation.StringDef">
      <val name="value" val="{android.media.MediaMetadata.METADATA_KEY_TITLE, android.media.MediaMetadata.METADATA_KEY_ARTIST, android.media.MediaMetadata.METADATA_KEY_ALBUM, android.media.MediaMetadata.METADATA_KEY_AUTHOR, android.media.MediaMetadata.METADATA_KEY_WRITER, android.media.MediaMetadata.METADATA_KEY_COMPOSER, android.media.MediaMetadata.METADATA_KEY_COMPILATION, android.media.MediaMetadata.METADATA_KEY_DATE, android.media.MediaMetadata.METADATA_KEY_GENRE, android.media.MediaMetadata.METADATA_KEY_ALBUM_ARTIST, android.media.MediaMetadata.METADATA_KEY_ART_URI, android.media.MediaMetadata.METADATA_KEY_ALBUM_ART_URI, android.media.MediaMetadata.METADATA_KEY_DISPLAY_TITLE, android.media.MediaMetadata.METADATA_KEY_DISPLAY_SUBTITLE, android.media.MediaMetadata.METADATA_KEY_DISPLAY_DESCRIPTION, android.media.MediaMetadata.METADATA_KEY_DISPLAY_ICON_URI, android.media.MediaMetadata.METADATA_KEY_MEDIA_ID, android.media.MediaMetadata.METADATA_KEY_MEDIA_URI}" />
    </annotation>
  </item>
  <item name="android.media.MediaMetadata java.lang.String getString(java.lang.String) 0">
    <annotation name="androidx.annotation.StringDef">
      <val name="value" val="{android.media.MediaMetadata.METADATA_KEY_TITLE, android.media.MediaMetadata.METADATA_KEY_ARTIST, android.media.MediaMetadata.METADATA_KEY_ALBUM, android.media.MediaMetadata.METADATA_KEY_AUTHOR, android.media.MediaMetadata.METADATA_KEY_WRITER, android.media.MediaMetadata.METADATA_KEY_COMPOSER, android.media.MediaMetadata.METADATA_KEY_COMPILATION, android.media.MediaMetadata.METADATA_KEY_DATE, android.media.MediaMetadata.METADATA_KEY_GENRE, android.media.MediaMetadata.METADATA_KEY_ALBUM_ARTIST, android.media.MediaMetadata.METADATA_KEY_ART_URI, android.media.MediaMetadata.METADATA_KEY_ALBUM_ART_URI, android.media.MediaMetadata.METADATA_KEY_DISPLAY_TITLE, android.media.MediaMetadata.METADATA_KEY_DISPLAY_SUBTITLE, android.media.MediaMetadata.METADATA_KEY_DISPLAY_DESCRIPTION, android.media.MediaMetadata.METADATA_KEY_DISPLAY_ICON_URI, android.media.MediaMetadata.METADATA_KEY_MEDIA_ID, android.media.MediaMetadata.METADATA_KEY_MEDIA_URI}" />
    </annotation>
  </item>
  <item name="android.media.MediaMetadata long getLong(java.lang.String) 0">
    <annotation name="androidx.annotation.StringDef">
      <val name="value" val="{android.media.MediaMetadata.METADATA_KEY_DURATION, android.media.MediaMetadata.METADATA_KEY_YEAR, android.media.MediaMetadata.METADATA_KEY_TRACK_NUMBER, android.media.MediaMetadata.METADATA_KEY_NUM_TRACKS, android.media.MediaMetadata.METADATA_KEY_DISC_NUMBER, android.media.MediaMetadata.METADATA_KEY_BT_FOLDER_TYPE}" />
    </annotation>
  </item>
  <item name="android.media.MediaMetadata.Builder android.media.MediaMetadata.Builder putBitmap(java.lang.String, android.graphics.Bitmap) 0">
    <annotation name="androidx.annotation.StringDef">
      <val name="value" val="{android.media.MediaMetadata.METADATA_KEY_ART, android.media.MediaMetadata.METADATA_KEY_ALBUM_ART, android.media.MediaMetadata.METADATA_KEY_DISPLAY_ICON}" />
    </annotation>
  </item>
  <item name="android.media.MediaMetadata.Builder android.media.MediaMetadata.Builder putLong(java.lang.String, long) 0">
    <annotation name="androidx.annotation.StringDef">
      <val name="value" val="{android.media.MediaMetadata.METADATA_KEY_DURATION, android.media.MediaMetadata.METADATA_KEY_YEAR, android.media.MediaMetadata.METADATA_KEY_TRACK_NUMBER, android.media.MediaMetadata.METADATA_KEY_NUM_TRACKS, android.media.MediaMetadata.METADATA_KEY_DISC_NUMBER, android.media.MediaMetadata.METADATA_KEY_BT_FOLDER_TYPE}" />
    </annotation>
  </item>
  <item name="android.media.MediaMetadata.Builder android.media.MediaMetadata.Builder putRating(java.lang.String, android.media.Rating) 0">
    <annotation name="androidx.annotation.StringDef">
      <val name="value" val="{android.media.MediaMetadata.METADATA_KEY_USER_RATING, android.media.MediaMetadata.METADATA_KEY_RATING}" />
    </annotation>
  </item>
  <item name="android.media.MediaMetadata.Builder android.media.MediaMetadata.Builder putString(java.lang.String, java.lang.String) 0">
    <annotation name="androidx.annotation.StringDef">
      <val name="value" val="{android.media.MediaMetadata.METADATA_KEY_TITLE, android.media.MediaMetadata.METADATA_KEY_ARTIST, android.media.MediaMetadata.METADATA_KEY_ALBUM, android.media.MediaMetadata.METADATA_KEY_AUTHOR, android.media.MediaMetadata.METADATA_KEY_WRITER, android.media.MediaMetadata.METADATA_KEY_COMPOSER, android.media.MediaMetadata.METADATA_KEY_COMPILATION, android.media.MediaMetadata.METADATA_KEY_DATE, android.media.MediaMetadata.METADATA_KEY_GENRE, android.media.MediaMetadata.METADATA_KEY_ALBUM_ARTIST, android.media.MediaMetadata.METADATA_KEY_ART_URI, android.media.MediaMetadata.METADATA_KEY_ALBUM_ART_URI, android.media.MediaMetadata.METADATA_KEY_DISPLAY_TITLE, android.media.MediaMetadata.METADATA_KEY_DISPLAY_SUBTITLE, android.media.MediaMetadata.METADATA_KEY_DISPLAY_DESCRIPTION, android.media.MediaMetadata.METADATA_KEY_DISPLAY_ICON_URI, android.media.MediaMetadata.METADATA_KEY_MEDIA_ID, android.media.MediaMetadata.METADATA_KEY_MEDIA_URI}" />
    </annotation>
  </item>
  <item name="android.media.MediaMetadata.Builder android.media.MediaMetadata.Builder putText(java.lang.String, java.lang.CharSequence) 0">
    <annotation name="androidx.annotation.StringDef">
      <val name="value" val="{android.media.MediaMetadata.METADATA_KEY_TITLE, android.media.MediaMetadata.METADATA_KEY_ARTIST, android.media.MediaMetadata.METADATA_KEY_ALBUM, android.media.MediaMetadata.METADATA_KEY_AUTHOR, android.media.MediaMetadata.METADATA_KEY_WRITER, android.media.MediaMetadata.METADATA_KEY_COMPOSER, android.media.MediaMetadata.METADATA_KEY_COMPILATION, android.media.MediaMetadata.METADATA_KEY_DATE, android.media.MediaMetadata.METADATA_KEY_GENRE, android.media.MediaMetadata.METADATA_KEY_ALBUM_ARTIST, android.media.MediaMetadata.METADATA_KEY_ART_URI, android.media.MediaMetadata.METADATA_KEY_ALBUM_ART_URI, android.media.MediaMetadata.METADATA_KEY_DISPLAY_TITLE, android.media.MediaMetadata.METADATA_KEY_DISPLAY_SUBTITLE, android.media.MediaMetadata.METADATA_KEY_DISPLAY_DESCRIPTION, android.media.MediaMetadata.METADATA_KEY_DISPLAY_ICON_URI, android.media.MediaMetadata.METADATA_KEY_MEDIA_ID, android.media.MediaMetadata.METADATA_KEY_MEDIA_URI}" />
    </annotation>
  </item>
  <item name="android.media.MediaMetadataRetriever android.graphics.Bitmap getFrameAtTime(long, int) 1">
    <annotation name="androidx.annotation.IntDef">
      <val name="flag" val="true" />
      <val name="value" val="{android.media.MediaMetadataRetriever.OPTION_PREVIOUS_SYNC, android.media.MediaMetadataRetriever.OPTION_NEXT_SYNC, android.media.MediaMetadataRetriever.OPTION_CLOSEST_SYNC, android.media.MediaMetadataRetriever.OPTION_CLOSEST}" />
    </annotation>
  </item>
  <item name="android.media.MediaMetadataRetriever android.graphics.Bitmap getScaledFrameAtTime(long, int, int, int) 1">
    <annotation name="androidx.annotation.IntDef">
      <val name="flag" val="true" />
      <val name="value" val="{android.media.MediaMetadataRetriever.OPTION_PREVIOUS_SYNC, android.media.MediaMetadataRetriever.OPTION_NEXT_SYNC, android.media.MediaMetadataRetriever.OPTION_CLOSEST_SYNC, android.media.MediaMetadataRetriever.OPTION_CLOSEST}" />
    </annotation>
  </item>
  <item name="android.media.MediaMuxer MediaMuxer(java.io.FileDescriptor, int) 1">
    <annotation name="androidx.annotation.IntDef">
      <val name="value" val="{android.media.MediaMuxer.OutputFormat.MUXER_OUTPUT_MPEG_4, android.media.MediaMuxer.OutputFormat.MUXER_OUTPUT_WEBM, android.media.MediaMuxer.OutputFormat.MUXER_OUTPUT_3GPP, android.media.MediaMuxer.OutputFormat.MUXER_OUTPUT_HEIF}" />
    </annotation>
  </item>
  <item name="android.media.MediaMuxer MediaMuxer(java.lang.String, int) 1">
    <annotation name="androidx.annotation.IntDef">
      <val name="value" val="{android.media.MediaMuxer.OutputFormat.MUXER_OUTPUT_MPEG_4, android.media.MediaMuxer.OutputFormat.MUXER_OUTPUT_WEBM, android.media.MediaMuxer.OutputFormat.MUXER_OUTPUT_3GPP, android.media.MediaMuxer.OutputFormat.MUXER_OUTPUT_HEIF}" />
    </annotation>
  </item>
  <item name="android.media.MediaPlayer android.media.MediaDrm.KeyRequest getKeyRequest(byte[], byte[], java.lang.String, int, java.util.Map&lt;java.lang.String,java.lang.String&gt;) 3">
    <annotation name="androidx.annotation.IntDef">
      <val name="value" val="{android.media.MediaDrm.KEY_TYPE_STREAMING, android.media.MediaDrm.KEY_TYPE_OFFLINE, android.media.MediaDrm.KEY_TYPE_RELEASE}" />
    </annotation>
  </item>
  <item name="android.media.MediaPlayer java.lang.String getDrmPropertyString(java.lang.String) 0">
    <annotation name="androidx.annotation.StringDef">
      <val name="value" val="{android.media.MediaDrm.PROPERTY_VENDOR, android.media.MediaDrm.PROPERTY_VERSION, android.media.MediaDrm.PROPERTY_DESCRIPTION, android.media.MediaDrm.PROPERTY_ALGORITHMS}" />
    </annotation>
  </item>
  <item name="android.media.MediaPlayer void seekTo(long, int) 1">
    <annotation name="androidx.annotation.IntDef">
      <val name="value" val="{android.media.MediaPlayer.SEEK_PREVIOUS_SYNC, android.media.MediaPlayer.SEEK_NEXT_SYNC, android.media.MediaPlayer.SEEK_CLOSEST_SYNC, android.media.MediaPlayer.SEEK_CLOSEST}" />
    </annotation>
  </item>
  <item name="android.media.MediaPlayer void setDrmPropertyString(java.lang.String, java.lang.String) 0">
    <annotation name="androidx.annotation.StringDef">
      <val name="value" val="{android.media.MediaDrm.PROPERTY_VENDOR, android.media.MediaDrm.PROPERTY_VERSION, android.media.MediaDrm.PROPERTY_DESCRIPTION, android.media.MediaDrm.PROPERTY_ALGORITHMS}" />
    </annotation>
  </item>
  <item name="android.media.MediaPlayer.OnDrmPreparedListener void onDrmPrepared(android.media.MediaPlayer, int) 1">
    <annotation name="androidx.annotation.IntDef">
      <val name="value" val="{android.media.MediaPlayer.PREPARE_DRM_STATUS_SUCCESS, android.media.MediaPlayer.PREPARE_DRM_STATUS_PROVISIONING_NETWORK_ERROR, android.media.MediaPlayer.PREPARE_DRM_STATUS_PROVISIONING_SERVER_ERROR, android.media.MediaPlayer.PREPARE_DRM_STATUS_PREPARATION_ERROR}" />
    </annotation>
  </item>
  <item name="android.media.MediaPlayer.TrackInfo int getTrackType()">
    <annotation name="androidx.annotation.IntDef">
      <val name="flag" val="false" />
      <val name="value" val="{android.media.MediaPlayer.TrackInfo.MEDIA_TRACK_TYPE_UNKNOWN, android.media.MediaPlayer.TrackInfo.MEDIA_TRACK_TYPE_VIDEO, android.media.MediaPlayer.TrackInfo.MEDIA_TRACK_TYPE_AUDIO, android.media.MediaPlayer.TrackInfo.MEDIA_TRACK_TYPE_TIMEDTEXT, android.media.MediaPlayer.TrackInfo.MEDIA_TRACK_TYPE_SUBTITLE, android.media.MediaPlayer.TrackInfo.MEDIA_TRACK_TYPE_METADATA}" />
    </annotation>
  </item>
  <item name="android.media.MediaRecorder.AudioSource REMOTE_SUBMIX">
    <annotation name="androidx.annotation.RequiresPermission">
      <val name="value" val="&quot;android.permission.CAPTURE_AUDIO_OUTPUT&quot;" />
    </annotation>
  </item>
  <item name="android.media.MediaRouter.RouteGroup void setIconResource(int) 0">
    <annotation name="androidx.annotation.DrawableRes"/>
  </item>
  <item name="android.media.MediaRouter.RouteInfo int getDeviceType()">
    <annotation name="androidx.annotation.IntDef">
      <val name="value" val="{android.media.MediaRouter.RouteInfo.DEVICE_TYPE_UNKNOWN, android.media.MediaRouter.RouteInfo.DEVICE_TYPE_TV, android.media.MediaRouter.RouteInfo.DEVICE_TYPE_SPEAKER, android.media.MediaRouter.RouteInfo.DEVICE_TYPE_BLUETOOTH}" />
    </annotation>
  </item>
  <item name="android.media.MediaRouter.RouteInfo int getPlaybackType()">
    <annotation name="androidx.annotation.IntDef">
      <val name="value" val="{android.media.MediaRouter.RouteInfo.PLAYBACK_TYPE_LOCAL, android.media.MediaRouter.RouteInfo.PLAYBACK_TYPE_REMOTE}" />
    </annotation>
  </item>
  <item name="android.media.MediaRouter.RouteInfo int getVolumeHandling()">
    <annotation name="androidx.annotation.IntDef">
      <val name="value" val="{android.media.MediaRouter.RouteInfo.PLAYBACK_VOLUME_FIXED, android.media.MediaRouter.RouteInfo.PLAYBACK_VOLUME_VARIABLE}" />
    </annotation>
  </item>
  <item name="android.media.MediaRouter.UserRouteInfo void setIconResource(int) 0">
    <annotation name="androidx.annotation.DrawableRes"/>
  </item>
  <item name="android.media.MediaRouter.UserRouteInfo void setPlaybackType(int) 0">
    <annotation name="androidx.annotation.IntDef">
      <val name="value" val="{android.media.MediaRouter.RouteInfo.PLAYBACK_TYPE_LOCAL, android.media.MediaRouter.RouteInfo.PLAYBACK_TYPE_REMOTE}" />
    </annotation>
  </item>
  <item name="android.media.MediaRouter.UserRouteInfo void setVolumeHandling(int) 0">
    <annotation name="androidx.annotation.IntDef">
      <val name="value" val="{android.media.MediaRouter.RouteInfo.PLAYBACK_VOLUME_FIXED, android.media.MediaRouter.RouteInfo.PLAYBACK_VOLUME_VARIABLE}" />
    </annotation>
  </item>
  <item name="android.media.MicrophoneInfo int getDirectionality()">
    <annotation name="androidx.annotation.IntDef">
      <val name="flag" val="true" />
      <val name="value" val="{android.media.MicrophoneInfo.DIRECTIONALITY_UNKNOWN, android.media.MicrophoneInfo.DIRECTIONALITY_OMNI, android.media.MicrophoneInfo.DIRECTIONALITY_BI_DIRECTIONAL, android.media.MicrophoneInfo.DIRECTIONALITY_CARDIOID, android.media.MicrophoneInfo.DIRECTIONALITY_HYPER_CARDIOID, android.media.MicrophoneInfo.DIRECTIONALITY_SUPER_CARDIOID}" />
    </annotation>
  </item>
  <item name="android.media.MicrophoneInfo int getLocation()">
    <annotation name="androidx.annotation.IntDef">
      <val name="flag" val="true" />
      <val name="value" val="{android.media.MicrophoneInfo.LOCATION_UNKNOWN, android.media.MicrophoneInfo.LOCATION_MAINBODY, android.media.MicrophoneInfo.LOCATION_MAINBODY_MOVABLE, android.media.MicrophoneInfo.LOCATION_PERIPHERAL}" />
    </annotation>
  </item>
  <item name="android.media.PlaybackParams android.media.PlaybackParams setAudioFallbackMode(int) 0">
    <annotation name="androidx.annotation.IntDef">
      <val name="value" val="{android.media.PlaybackParams.AUDIO_FALLBACK_MODE_DEFAULT, android.media.PlaybackParams.AUDIO_FALLBACK_MODE_MUTE, android.media.PlaybackParams.AUDIO_FALLBACK_MODE_FAIL}" />
    </annotation>
  </item>
  <item name="android.media.PlaybackParams int getAudioFallbackMode()">
    <annotation name="androidx.annotation.IntDef">
      <val name="value" val="{android.media.PlaybackParams.AUDIO_FALLBACK_MODE_DEFAULT, android.media.PlaybackParams.AUDIO_FALLBACK_MODE_MUTE, android.media.PlaybackParams.AUDIO_FALLBACK_MODE_FAIL}" />
    </annotation>
  </item>
  <item name="android.media.Rating android.media.Rating newStarRating(int, float) 0">
    <annotation name="androidx.annotation.IntDef">
      <val name="value" val="{android.media.Rating.RATING_3_STARS, android.media.Rating.RATING_4_STARS, android.media.Rating.RATING_5_STARS}" />
    </annotation>
  </item>
  <item name="android.media.Rating android.media.Rating newUnratedRating(int) 0">
    <annotation name="androidx.annotation.IntDef">
      <val name="value" val="{android.media.Rating.RATING_NONE, android.media.Rating.RATING_HEART, android.media.Rating.RATING_THUMB_UP_DOWN, android.media.Rating.RATING_3_STARS, android.media.Rating.RATING_4_STARS, android.media.Rating.RATING_5_STARS, android.media.Rating.RATING_PERCENTAGE}" />
    </annotation>
  </item>
  <item name="android.media.Rating int getRatingStyle()">
    <annotation name="androidx.annotation.IntDef">
      <val name="value" val="{android.media.Rating.RATING_NONE, android.media.Rating.RATING_HEART, android.media.Rating.RATING_THUMB_UP_DOWN, android.media.Rating.RATING_3_STARS, android.media.Rating.RATING_4_STARS, android.media.Rating.RATING_5_STARS, android.media.Rating.RATING_PERCENTAGE}" />
    </annotation>
  </item>
  <item name="android.media.SyncParams android.media.SyncParams setAudioAdjustMode(int) 0">
    <annotation name="androidx.annotation.IntDef">
      <val name="value" val="{android.media.SyncParams.AUDIO_ADJUST_MODE_DEFAULT, android.media.SyncParams.AUDIO_ADJUST_MODE_STRETCH, android.media.SyncParams.AUDIO_ADJUST_MODE_RESAMPLE}" />
    </annotation>
  </item>
  <item name="android.media.SyncParams android.media.SyncParams setSyncSource(int) 0">
    <annotation name="androidx.annotation.IntDef">
      <val name="value" val="{android.media.SyncParams.SYNC_SOURCE_DEFAULT, android.media.SyncParams.SYNC_SOURCE_SYSTEM_CLOCK, android.media.SyncParams.SYNC_SOURCE_AUDIO, android.media.SyncParams.SYNC_SOURCE_VSYNC}" />
    </annotation>
  </item>
  <item name="android.media.SyncParams int getAudioAdjustMode()">
    <annotation name="androidx.annotation.IntDef">
      <val name="value" val="{android.media.SyncParams.AUDIO_ADJUST_MODE_DEFAULT, android.media.SyncParams.AUDIO_ADJUST_MODE_STRETCH, android.media.SyncParams.AUDIO_ADJUST_MODE_RESAMPLE}" />
    </annotation>
  </item>
  <item name="android.media.SyncParams int getSyncSource()">
    <annotation name="androidx.annotation.IntDef">
      <val name="value" val="{android.media.SyncParams.SYNC_SOURCE_DEFAULT, android.media.SyncParams.SYNC_SOURCE_SYSTEM_CLOCK, android.media.SyncParams.SYNC_SOURCE_AUDIO, android.media.SyncParams.SYNC_SOURCE_VSYNC}" />
    </annotation>
  </item>
  <item name="android.media.VolumeProvider VolumeProvider(int, int, int) 0">
    <annotation name="androidx.annotation.IntDef">
      <val name="value" val="{android.media.VolumeProvider.VOLUME_CONTROL_FIXED, android.media.VolumeProvider.VOLUME_CONTROL_RELATIVE, android.media.VolumeProvider.VOLUME_CONTROL_ABSOLUTE}" />
    </annotation>
  </item>
  <item name="android.media.VolumeProvider int getVolumeControl()">
    <annotation name="androidx.annotation.IntDef">
      <val name="value" val="{android.media.VolumeProvider.VOLUME_CONTROL_FIXED, android.media.VolumeProvider.VOLUME_CONTROL_RELATIVE, android.media.VolumeProvider.VOLUME_CONTROL_ABSOLUTE}" />
    </annotation>
  </item>
  <item name="android.media.VolumeShaper.Configuration int getInterpolatorType()">
    <annotation name="androidx.annotation.IntDef">
      <val name="value" val="{android.media.VolumeShaper.Configuration.INTERPOLATOR_TYPE_STEP, android.media.VolumeShaper.Configuration.INTERPOLATOR_TYPE_LINEAR, android.media.VolumeShaper.Configuration.INTERPOLATOR_TYPE_CUBIC, android.media.VolumeShaper.Configuration.INTERPOLATOR_TYPE_CUBIC_MONOTONIC}" />
    </annotation>
  </item>
  <item name="android.media.VolumeShaper.Configuration.Builder android.media.VolumeShaper.Configuration.Builder setInterpolatorType(int) 0">
    <annotation name="androidx.annotation.IntDef">
      <val name="value" val="{android.media.VolumeShaper.Configuration.INTERPOLATOR_TYPE_STEP, android.media.VolumeShaper.Configuration.INTERPOLATOR_TYPE_LINEAR, android.media.VolumeShaper.Configuration.INTERPOLATOR_TYPE_CUBIC, android.media.VolumeShaper.Configuration.INTERPOLATOR_TYPE_CUBIC_MONOTONIC}" />
    </annotation>
  </item>
</root>

