<?xml version="1.0" encoding="UTF-8"?>
<root>
  <item name="android.hardware.camera2.params.SessionConfiguration SessionConfiguration(int, java.util.List&lt;android.hardware.camera2.params.OutputConfiguration&gt;, java.util.concurrent.Executor, android.hardware.camera2.CameraCaptureSession.StateCallback) 0">
    <annotation name="androidx.annotation.IntDef">
      <val name="value" val="{android.hardware.camera2.params.SessionConfiguration.SESSION_REGULAR, android.hardware.camera2.params.SessionConfiguration.SESSION_HIGH_SPEED}" />
    </annotation>
  </item>
  <item name="android.hardware.camera2.params.SessionConfiguration int getSessionType()">
    <annotation name="androidx.annotation.IntDef">
      <val name="value" val="{android.hardware.camera2.params.SessionConfiguration.SESSION_REGULAR, android.hardware.camera2.params.SessionConfiguration.SESSION_HIGH_SPEED}" />
    </annotation>
  </item>
</root>

